id,first_name,last_name,email,gender,ip_address
1,Laughton,Lightfoot,llightfoot0@people.com.cn,Male,109.65.54.170
2,Archer,Bromell,abromell1@si.edu,Male,81.112.209.73
3,Andreana,Hare,ahare2@zimbio.com,Female,42.214.78.142
4,Eustace,Goodings,egoodings3@over-blog.com,Male,190.130.72.209
5,Maximilien,Grigoryev,mgrigoryev4@cloudflare.com,Male,89.20.43.146
6,Annecorinne,Woodwin,awoodwin5@seattletimes.com,Female,90.153.12.39
7,Kai,Ervin,kervin6@mit.edu,Female,33.186.206.27
8,Avrit,Templman,atemplman7@netlog.com,Female,149.45.220.231
9,Layney,Chalker,lchalker8@cnbc.com,Female,156.102.140.154
10,Raffarty,Daunay,rdaunay9@umich.edu,Male,66.130.220.111
11,Tove,Di Nisco,tdiniscoa@desdev.cn,Female,153.192.219.252
12,Modesta,Andrusov,mandrusovb@chicagotribune.com,Female,139.66.83.171
13,Rosalynd,Wedmore.,rwedmorec@dedecms.com,Female,185.177.122.200
14,Domeniga,La Wille,dlawilled@flavors.me,Female,87.182.25.64
15,Mellicent,Tinsley,mtinsleye@pen.io,Female,193.123.212.180
16,Ethelind,Crush,ecrushf@twitter.com,Female,148.173.7.205
17,Torr,Braisher,tbraisherg@issuu.com,Male,4.147.86.220
18,Duke,Garrique,dgarriqueh@timesonline.co.uk,Male,219.137.56.133
19,Marie-jeanne,Giannotti,mgiannottii@phpbb.com,Female,76.31.93.191
20,Mathilda,Minmagh,mminmaghj@squarespace.com,Female,155.220.192.158
21,Thor,Tudball,ttudballk@booking.com,Male,116.149.106.16
22,Lois,Yude,lyudel@flickr.com,Female,124.149.110.183
23,Mela,Happert,mhappertm@trellian.com,Female,122.18.82.5
24,Rhodia,Pleager,rpleagern@twitpic.com,Female,206.206.157.74
25,Dale,Effemy,deffemyo@usnews.com,Male,2.183.88.53
26,Violetta,Gaskin,vgaskinp@loc.gov,Female,29.6.236.181
27,Dorothea,Kime,dkimeq@fotki.com,Female,189.168.26.57
28,Oralia,Lechelle,olecheller@cpanel.net,Female,2.242.132.103
29,Aurthur,Clute,aclutes@creativecommons.org,Male,1.213.58.234
30,Nichols,Pluvier,npluviert@sohu.com,Male,102.102.191.205
31,Rees,Clowes,rclowesu@google.es,Male,83.165.71.58
32,Ellissa,Scarse,escarsev@drupal.org,Female,90.129.44.26
33,Theda,Bigham,tbighamw@ucla.edu,Female,116.179.145.66
34,Arlyne,Foxhall,afoxhallx@biblegateway.com,Female,6.115.22.89
35,Gene,Musto,gmustoy@diigo.com,Male,39.215.150.157
36,Amery,Schout,aschoutz@omniture.com,Male,29.72.85.187
37,Alfonse,Rosson,arosson10@apache.org,Male,124.198.194.203
38,Gifford,Moakson,gmoakson11@go.com,Male,201.168.222.53
39,Wolfy,Mapples,wmapples12@nps.gov,Male,76.49.241.216
40,Keslie,Cockcroft,kcockcroft13@bizjournals.com,Female,235.83.148.24
41,Nanice,Schurcke,nschurcke14@nationalgeographic.com,Female,246.129.26.216
42,Jessalyn,Gutridge,jgutridge15@home.pl,Female,204.193.30.114
43,Nicko,Elsop,nelsop16@ycombinator.com,Male,46.102.147.81
44,Templeton,Dorie,tdorie17@pcworld.com,Male,131.168.34.100
45,Guy,Morgen,gmorgen18@symantec.com,Male,8.116.199.131
46,Doe,Duffie,dduffie19@g.co,Female,106.191.218.97
47,Hans,Callander,hcallander1a@npr.org,Male,150.6.44.169
48,Cassie,Trafford,ctrafford1b@cdbaby.com,Female,31.2.246.105
49,Giraud,Rolfo,grolfo1c@narod.ru,Male,11.252.23.186
50,Persis,Mallord,pmallord1d@naver.com,Female,146.68.80.16
51,Horton,Aggas,haggas1e@cyberchimps.com,Male,149.102.210.57
52,Andria,Grebner,agrebner1f@pcworld.com,Female,123.149.79.33
53,Margarethe,Leneve,mleneve1g@g.co,Female,85.211.253.54
54,Judye,Carwithen,jcarwithen1h@skyrock.com,Female,117.143.32.246
55,Steffen,Jobke,sjobke1i@china.com.cn,Male,157.63.98.125
56,Jasper,Flade,jflade1j@yellowpages.com,Male,28.173.131.182
57,Binky,Kittley,bkittley1k@moonfruit.com,Male,112.232.122.98
58,Samara,Stilwell,sstilwell1l@dailymotion.com,Female,208.192.203.120
59,Ilse,Siddens,isiddens1m@state.tx.us,Female,250.93.197.63
60,Cob,Whelpton,cwhelpton1n@harvard.edu,Male,29.42.185.129
61,Brewer,Gheerhaert,bgheerhaert1o@booking.com,Male,139.57.131.187
62,Josee,Savatier,jsavatier1p@hubpages.com,Female,115.127.223.49
63,Temp,Bourtoumieux,tbourtoumieux1q@seesaa.net,Male,32.58.66.154
64,Itch,Goodyear,igoodyear1r@hatena.ne.jp,Male,99.97.65.97
65,Billy,Pidgley,bpidgley1s@clickbank.net,Male,138.167.0.204
66,Doreen,Kitchenside,dkitchenside1t@dailymail.co.uk,Female,235.18.169.252
67,Mead,Dowe,mdowe1u@businessinsider.com,Male,64.109.250.85
68,Haily,Frane,hfrane1v@sbwire.com,Male,151.168.191.140
69,Simone,Crooks,scrooks1w@fda.gov,Male,62.134.183.251
70,Davy,Temlett,dtemlett1x@army.mil,Male,65.65.229.241
71,Niall,Glynn,nglynn1y@yandex.ru,Male,253.29.45.62
72,Meir,McGahey,mmcgahey1z@lycos.com,Male,123.203.144.58
73,Betteanne,Weiser,bweiser20@sciencedaily.com,Female,142.188.251.57
74,Burk,Ciccetti,bciccetti21@taobao.com,Male,212.188.219.123
75,Dulciana,Dole,ddole22@hugedomains.com,Female,50.183.215.52
76,Maurits,Gianulli,mgianulli23@wordpress.org,Male,180.46.16.163
77,Reyna,Lemmertz,rlemmertz24@gov.uk,Female,125.163.98.165
78,Theodoric,Duffield,tduffield25@tuttocitta.it,Male,161.200.62.99
79,Abe,Fawkes,afawkes26@xinhuanet.com,Male,252.140.148.34
80,Leisha,Gilbody,lgilbody27@webeden.co.uk,Female,49.53.6.128
81,Raymond,Calterone,rcalterone28@amazon.co.uk,Male,153.119.117.96
82,Symon,Couzens,scouzens29@newyorker.com,Male,39.70.217.235
83,Denny,Serrier,dserrier2a@linkedin.com,Female,171.8.101.118
84,Rem,Sinkinson,rsinkinson2b@issuu.com,Male,135.133.176.191
85,Myles,McRoberts,mmcroberts2c@addtoany.com,Male,40.20.130.243
86,Atlante,Jeans,ajeans2d@nba.com,Female,141.34.129.149
87,Morgan,Escalera,mescalera2e@wired.com,Female,98.235.75.193
88,Guinna,Longfield,glongfield2f@forbes.com,Female,172.143.83.90
89,Scarface,Woolham,swoolham2g@mozilla.com,Male,95.5.139.70
90,Virgie,McGlaughn,vmcglaughn2h@technorati.com,Male,123.244.170.198
91,Weidar,Costin,wcostin2i@tmall.com,Male,7.233.127.234
92,Berry,Mynott,bmynott2j@icio.us,Female,122.209.196.233
93,Marianne,Christauffour,mchristauffour2k@army.mil,Female,218.21.230.198
94,Jinny,Nijssen,jnijssen2l@cyberchimps.com,Female,44.199.239.250
95,Kelwin,Tegeller,ktegeller2m@gnu.org,Male,177.100.162.195
96,Beck,Trousdell,btrousdell2n@liveinternet.ru,Male,237.179.139.25
97,Hinda,Caplis,hcaplis2o@51.la,Female,214.74.186.248
98,Phelia,Brundill,pbrundill2p@spotify.com,Female,157.119.184.49
99,Cosmo,Beefon,cbeefon2q@nydailynews.com,Male,36.183.176.87
100,Shadow,Wheatland,swheatland2r@nationalgeographic.com,Male,57.35.158.81
101,Ann-marie,Masser,amasser2s@amazon.com,Female,49.56.180.196
102,Lammond,Duffell,lduffell2t@globo.com,Male,91.232.140.14
103,Erskine,Buffy,ebuffy2u@irs.gov,Male,26.192.42.222
104,Cordi,Deem,cdeem2v@umich.edu,Female,93.35.155.171
105,Dante,Byer,dbyer2w@studiopress.com,Male,205.197.0.124
106,Marthe,Catmull,mcatmull2x@xinhuanet.com,Female,222.113.84.63
107,Winny,Shadrach,wshadrach2y@simplemachines.org,Male,5.110.208.215
108,Chev,Boyles,cboyles2z@cyberchimps.com,Male,191.199.12.125
109,Mariya,Airlie,mairlie30@chron.com,Female,232.187.218.1
110,Laurence,Olyonov,lolyonov31@hostgator.com,Male,8.224.19.114
111,Trumaine,Sporrij,tsporrij32@about.me,Male,208.181.159.189
112,Roana,Kynett,rkynett33@sun.com,Female,100.14.90.225
113,Christy,Rickaert,crickaert34@yahoo.com,Female,230.188.253.154
114,Vinita,Morforth,vmorforth35@multiply.com,Female,191.58.218.126
115,Albie,Fortesquieu,afortesquieu36@csmonitor.com,Male,32.103.81.181
116,Dasi,Drover,ddrover37@bloomberg.com,Female,238.236.0.193
117,Artie,Schrader,aschrader38@ucsd.edu,Male,65.211.46.51
118,Vladimir,MacGille,vmacgille39@amazon.de,Male,73.207.196.164
119,Andreas,Niesing,aniesing3a@hatena.ne.jp,Male,164.34.85.104
120,Gerardo,Lamlin,glamlin3b@indiatimes.com,Male,213.161.253.86
121,Jard,Wilmut,jwilmut3c@vk.com,Male,228.127.110.163
122,Cristina,Slimon,cslimon3d@skyrock.com,Female,5.105.9.196
123,Rozalie,Farlane,rfarlane3e@oaic.gov.au,Female,31.104.183.63
124,Natal,Strike,nstrike3f@redcross.org,Male,61.21.128.171
125,Norrie,Cardenoso,ncardenoso3g@pcworld.com,Female,171.87.129.153
126,Luci,Ianno,lianno3h@dot.gov,Female,221.75.80.139
127,Julee,Busfield,jbusfield3i@cocolog-nifty.com,Female,215.29.154.36
128,Daile,Timmes,dtimmes3j@facebook.com,Female,135.127.206.86
129,Junette,Boxell,jboxell3k@nifty.com,Female,152.148.43.50
130,Giraldo,O'Feeney,gofeeney3l@hugedomains.com,Male,79.167.47.225
131,Babbette,Jeskins,bjeskins3m@about.me,Female,26.1.65.43
132,Danny,Blockwell,dblockwell3n@stanford.edu,Male,17.102.244.24
133,Cordie,Atkyns,catkyns3o@stanford.edu,Male,87.236.146.49
134,Adrian,Wordsley,awordsley3p@unesco.org,Female,171.188.99.1
135,Toddy,Camilletti,tcamilletti3q@nhs.uk,Male,14.176.96.176
136,Budd,Jales,bjales3r@webs.com,Male,189.177.28.184
137,Rube,Wilhelmy,rwilhelmy3s@businesswire.com,Male,100.249.203.142
138,Cathryn,Andrys,candrys3t@facebook.com,Female,242.162.20.29
139,Hurleigh,Breheny,hbreheny3u@si.edu,Male,216.100.30.17
140,Marten,Hayth,mhayth3v@seesaa.net,Male,147.5.104.201
141,Irina,Brinklow,ibrinklow3w@slideshare.net,Female,198.227.166.45
142,Tobias,Maro,tmaro3x@macromedia.com,Male,105.218.93.204
143,Anderea,Houchin,ahouchin3y@blogs.com,Female,44.225.33.140
144,Benjie,Reiach,breiach3z@joomla.org,Male,66.172.25.177
145,Andras,Squibb,asquibb40@yelp.com,Male,51.169.235.88
146,Chelsea,Jedrzejkiewicz,cjedrzejkiewicz41@barnesandnoble.com,Female,174.226.192.13
147,Wait,Trineman,wtrineman42@pinterest.com,Male,154.59.95.226
148,Rogerio,Tutchener,rtutchener43@so-net.ne.jp,Male,14.117.73.113
149,Karlyn,Shovelbottom,kshovelbottom44@admin.ch,Female,137.184.199.208
150,Annadiane,Rivelin,arivelin45@delicious.com,Female,227.100.214.193
151,Kiley,Peaden,kpeaden46@sohu.com,Male,56.30.37.8
152,Westleigh,Brendel,wbrendel47@jimdo.com,Male,190.89.9.237
153,Glori,Lawley,glawley48@rambler.ru,Female,112.20.8.61
154,Keene,Kelley,kkelley49@fema.gov,Male,134.191.142.189
155,Mari,Eisikowitch,meisikowitch4a@arstechnica.com,Female,28.166.77.152
156,Myles,Skillman,mskillman4b@epa.gov,Male,30.168.164.68
157,Marjorie,Schirak,mschirak4c@addtoany.com,Female,16.5.190.26
158,Bat,Clarycott,bclarycott4d@stumbleupon.com,Male,105.159.20.192
159,Thorstein,Chippindall,tchippindall4e@sun.com,Male,204.32.169.116
160,Tommie,Beckinsale,tbeckinsale4f@wix.com,Male,200.133.14.225
161,Rena,Benedicto,rbenedicto4g@mtv.com,Female,186.106.169.112
162,Didi,Reeds,dreeds4h@slate.com,Female,208.196.24.126
163,Brewer,Jandel,bjandel4i@acquirethisname.com,Male,237.227.12.49
164,Bathsheba,Cawthery,bcawthery4j@bloglines.com,Female,157.39.152.31
165,Roth,Van Son,rvanson4k@wsj.com,Male,135.228.226.129
166,Brandise,Stredder,bstredder4l@woothemes.com,Female,77.3.189.219
167,Rosabelle,Brundill,rbrundill4m@washingtonpost.com,Female,171.66.18.69
168,Olive,Pinnion,opinnion4n@dagondesign.com,Female,115.215.38.38
169,Ariel,Bunyan,abunyan4o@tinypic.com,Male,245.45.78.237
170,Lyndell,Bleackley,lbleackley4p@marriott.com,Female,42.216.158.90
171,Eldridge,Ivanuschka,eivanuschka4q@thetimes.co.uk,Male,158.101.191.37
172,Gertruda,Fallowes,gfallowes4r@canalblog.com,Female,142.173.43.29
173,Valeria,Hardwin,vhardwin4s@phoca.cz,Female,123.58.225.149
174,Alley,Perigeaux,aperigeaux4t@privacy.gov.au,Male,15.219.220.69
175,Merlina,Frayling,mfrayling4u@bbb.org,Female,220.9.49.94
176,Vicki,Martlew,vmartlew4v@google.de,Female,69.161.199.164
177,Louisette,Meechan,lmeechan4w@google.de,Female,78.131.90.21
178,Jeff,Smallthwaite,jsmallthwaite4x@dropbox.com,Male,0.185.126.231
179,Earl,Vasnev,evasnev4y@nsw.gov.au,Male,57.124.196.112
180,Jakob,Bezley,jbezley4z@booking.com,Male,210.39.100.132
181,Karlens,Gasperi,kgasperi50@free.fr,Male,99.40.248.65
182,Eli,McCaskill,emccaskill51@sciencedaily.com,Male,155.80.141.71
183,Roseann,Ower,rower52@japanpost.jp,Female,20.226.151.26
184,Blondell,Carder,bcarder53@is.gd,Female,197.179.192.139
185,Matteo,Gabriel,mgabriel54@mysql.com,Male,64.18.3.222
186,Torre,Rollins,trollins55@unicef.org,Male,148.9.180.210
187,Bordie,Fanthome,bfanthome56@unesco.org,Male,108.149.96.204
188,Mariana,Melchior,mmelchior57@scientificamerican.com,Female,198.141.93.176
189,Serena,Kleint,skleint58@xrea.com,Female,202.107.11.137
190,Rafferty,Dohms,rdohms59@bizjournals.com,Male,77.33.168.221
191,Sunny,Arsnell,sarsnell5a@angelfire.com,Female,16.35.108.113
192,Ashien,Rontree,arontree5b@twitpic.com,Female,245.45.72.244
193,Caroline,Clutterbuck,cclutterbuck5c@scribd.com,Female,147.204.30.148
194,Arron,Normaville,anormaville5d@seattletimes.com,Male,120.15.181.148
195,Erick,Ghilks,eghilks5e@howstuffworks.com,Male,37.133.13.149
196,Barty,Philipsen,bphilipsen5f@techcrunch.com,Male,200.49.105.212
197,Abram,Brenston,abrenston5g@github.io,Male,139.135.248.199
198,Roch,Crowth,rcrowth5h@admin.ch,Female,183.35.206.169
199,Melodie,Kealey,mkealey5i@cpanel.net,Female,141.14.236.3
200,Norry,Paskin,npaskin5j@sohu.com,Male,103.188.84.166
201,Cloris,Farnorth,cfarnorth5k@archive.org,Female,2.66.196.65
202,Noelle,Cansfield,ncansfield5l@forbes.com,Female,32.135.42.216
203,Christian,McGettigan,cmcgettigan5m@zdnet.com,Male,196.232.217.188
204,Ivory,Arnaut,iarnaut5n@microsoft.com,Female,190.27.23.171
205,Faulkner,Bafford,fbafford5o@forbes.com,Male,76.94.117.229
206,Tyrus,Beniesh,tbeniesh5p@123-reg.co.uk,Male,1.76.173.115
207,Hinze,Signore,hsignore5q@ed.gov,Male,64.151.76.45
208,Minerva,Rosenauer,mrosenauer5r@chicagotribune.com,Female,53.252.252.37
209,Mollie,Yelding,myelding5s@tinyurl.com,Female,168.199.199.36
210,Panchito,O'Connel,poconnel5t@angelfire.com,Male,244.4.181.205
211,Inna,Aldiss,ialdiss5u@topsy.com,Female,154.53.127.165
212,Dulcea,Sanper,dsanper5v@bluehost.com,Female,84.64.88.255
213,Andy,Dallow,adallow5w@bluehost.com,Female,145.34.251.84
214,Krisha,Heigho,kheigho5x@springer.com,Male,78.30.124.176
215,Bartolomeo,Reolfi,breolfi5y@liveinternet.ru,Male,132.45.235.60
216,Antonino,Golthorpp,agolthorpp5z@yandex.ru,Male,26.240.235.74
217,Alick,Roscrigg,aroscrigg60@nps.gov,Male,200.19.221.15
218,Roch,Cranson,rcranson61@ameblo.jp,Female,104.118.80.73
219,Langsdon,Jozefowicz,ljozefowicz62@google.pl,Male,97.106.123.247
220,Leonid,Pfeffer,lpfeffer63@163.com,Male,56.166.229.215
221,Orren,Spurdens,ospurdens64@mapquest.com,Male,210.128.191.13
222,Odella,Mudd,omudd65@upenn.edu,Female,120.235.204.184
223,Quent,Sang,qsang66@google.it,Male,207.110.32.96
224,Gertruda,Singyard,gsingyard67@sfgate.com,Female,226.186.94.37
225,Olav,Broadberrie,obroadberrie68@mtv.com,Male,141.23.207.128
226,Marcela,Murtell,mmurtell69@blogspot.com,Female,136.155.182.4
227,Amalita,Blackhall,ablackhall6a@blinklist.com,Female,2.5.24.106
228,Wendell,Burds,wburds6b@youku.com,Male,19.25.156.253
229,Tom,Rayhill,trayhill6c@usda.gov,Male,220.190.61.183
230,Roseanne,MacElholm,rmacelholm6d@tumblr.com,Female,244.103.109.12
231,Terrill,Poplee,tpoplee6e@google.pl,Male,140.45.12.144
232,Mignonne,Packington,mpackington6f@businessinsider.com,Female,140.244.192.246
233,Reinold,Alentyev,ralentyev6g@livejournal.com,Male,156.97.43.36
234,Nissa,Schultz,nschultz6h@unblog.fr,Female,136.50.201.25
235,Clementia,Sonnenschein,csonnenschein6i@google.pl,Female,231.66.21.59
236,Jervis,Corkish,jcorkish6j@slashdot.org,Male,219.134.222.202
237,Martie,Dever,mdever6k@bloomberg.com,Male,37.227.127.101
238,Dar,Plover,dplover6l@digg.com,Male,77.220.184.252
239,Tommy,Earey,tearey6m@nyu.edu,Female,138.210.119.240
240,Mag,Dmitr,mdmitr6n@livejournal.com,Female,145.192.133.112
241,Wendel,Bunker,wbunker6o@intel.com,Male,28.140.91.50
242,Krista,Meneur,kmeneur6p@scribd.com,Female,54.246.218.38
243,Eugen,Perris,eperris6q@nps.gov,Male,37.77.214.185
244,Hermie,Dobrovolny,hdobrovolny6r@ed.gov,Male,92.243.220.114
245,Stanton,Pepin,spepin6s@hostgator.com,Male,175.90.4.81
246,Fitz,Fields,ffields6t@squarespace.com,Male,15.73.255.245
247,Karin,Ottawell,kottawell6u@cisco.com,Female,32.25.190.83
248,Murielle,Drillot,mdrillot6v@about.com,Female,56.155.89.152
249,Emiline,Messiter,emessiter6w@linkedin.com,Female,127.3.157.49
250,Paulina,Baggott,pbaggott6x@cdc.gov,Female,202.218.253.22
251,Zorine,Sollner,zsollner6y@stanford.edu,Female,169.15.112.94
252,Cicely,Corking,ccorking6z@networksolutions.com,Female,167.109.113.106
253,Andra,Howard - Gater,ahowardgater70@theglobeandmail.com,Female,50.118.220.21
254,Lorne,Kemme,lkemme71@ocn.ne.jp,Male,91.101.138.191
255,Benny,Cobb,bcobb72@fotki.com,Female,248.243.39.222
256,Ogden,Breydin,obreydin73@jimdo.com,Male,81.221.239.61
257,Wilma,Pauluzzi,wpauluzzi74@elegantthemes.com,Female,214.181.198.127
258,Selestina,Squibb,ssquibb75@cloudflare.com,Female,197.13.72.159
259,Gary,Van Haeften,gvanhaeften76@edublogs.org,Male,97.31.248.151
260,Red,Wilhelmy,rwilhelmy77@bloomberg.com,Male,52.177.191.43
261,Theda,Macconachy,tmacconachy78@wunderground.com,Female,6.138.113.161
262,Hal,Cadding,hcadding79@utexas.edu,Male,117.159.163.74
263,Jere,Anetts,janetts7a@cargocollective.com,Male,221.7.160.47
264,Wendy,Fleckness,wfleckness7b@patch.com,Female,129.129.139.169
265,Bria,O'Glassane,boglassane7c@facebook.com,Female,81.21.105.128
266,Westleigh,Marking,wmarking7d@hibu.com,Male,161.32.127.58
267,Maddalena,MacScherie,mmacscherie7e@networkadvertising.org,Female,93.107.249.156
268,Lulu,Overy,lovery7f@desdev.cn,Female,221.120.62.179
269,Brien,Rankcom,brankcom7g@domainmarket.com,Male,173.228.120.31
270,Humbert,Wickmann,hwickmann7h@sina.com.cn,Male,236.243.93.66
271,Urbano,Prester,uprester7i@deliciousdays.com,Male,15.139.222.215
272,Michel,Ferby,mferby7j@google.it,Male,74.81.209.82
273,Ingemar,Bickersteth,ibickersteth7k@vistaprint.com,Male,236.249.122.195
274,Harvey,Earney,hearney7l@sphinn.com,Male,245.251.22.35
275,Kevan,Garmanson,kgarmanson7m@163.com,Male,98.71.185.10
276,Carlin,Mongin,cmongin7n@bigcartel.com,Female,169.202.169.226
277,Gale,Allardyce,gallardyce7o@netvibes.com,Male,123.223.137.75
278,Neal,Pinkerton,npinkerton7p@unesco.org,Male,216.114.227.59
279,Sanford,Garatty,sgaratty7q@csmonitor.com,Male,143.59.64.15
280,Philippine,London,plondon7r@gnu.org,Female,199.120.116.168
281,Melodie,Heinert,mheinert7s@fc2.com,Female,80.212.203.123
282,Erl,Grahlmans,egrahlmans7t@squarespace.com,Male,3.90.241.186
283,Milka,Aharoni,maharoni7u@tinypic.com,Female,89.19.98.7
284,Ruth,Ebbage,rebbage7v@hubpages.com,Female,205.210.228.71
285,Maddalena,Burry,mburry7w@plala.or.jp,Female,248.94.228.23
286,Holmes,Overstone,hoverstone7x@cbc.ca,Male,218.239.192.241
287,Oralla,Mokes,omokes7y@nps.gov,Female,37.126.153.121
288,Jae,Crothers,jcrothers7z@geocities.com,Male,169.200.145.190
289,Gearalt,De Matteis,gdematteis80@symantec.com,Male,90.184.29.128
290,Sharleen,Bog,sbog81@nymag.com,Female,75.39.24.182
291,Nicolea,Starbeck,nstarbeck82@biblegateway.com,Female,95.144.173.148
292,Jobina,Buckler,jbuckler83@msn.com,Female,63.200.77.45
293,Conrado,Bizley,cbizley84@livejournal.com,Male,233.252.12.32
294,Stevie,Pillinger,spillinger85@dell.com,Male,77.34.247.186
295,Ced,McCluin,cmccluin86@pcworld.com,Male,120.20.82.150
296,Fairfax,Muirhead,fmuirhead87@feedburner.com,Male,218.22.66.239
297,Moe,Perello,mperello88@comcast.net,Male,170.207.222.72
298,Cameron,Paunton,cpaunton89@springer.com,Male,40.165.239.188
299,Port,Kidman,pkidman8a@newyorker.com,Male,228.189.38.84
300,Larry,Powys,lpowys8b@springer.com,Male,87.57.87.233
301,Louella,Aymeric,laymeric8c@timesonline.co.uk,Female,126.15.252.36
302,Sonya,Gazey,sgazey8d@upenn.edu,Female,136.188.162.216
303,Townsend,Colleran,tcolleran8e@hostgator.com,Male,199.13.20.21
304,Tam,Denes,tdenes8f@storify.com,Male,168.179.171.185
305,Raffaello,Berkowitz,rberkowitz8g@twitpic.com,Male,6.195.106.11
306,Janel,Corre,jcorre8h@flavors.me,Female,195.17.86.115
307,Stillman,Haldon,shaldon8i@tuttocitta.it,Male,145.12.177.179
308,Wallache,Jachimczak,wjachimczak8j@acquirethisname.com,Male,63.195.116.29
309,Edythe,Scrogges,escrogges8k@twitpic.com,Female,82.75.180.37
310,Ardis,Kew,akew8l@barnesandnoble.com,Female,19.46.80.157
311,Becca,Gatherell,bgatherell8m@sitemeter.com,Female,66.65.68.248
312,Talya,McNaughton,tmcnaughton8n@reverbnation.com,Female,146.138.141.182
313,Gusta,Pepperill,gpepperill8o@salon.com,Female,150.113.162.112
314,Judas,Hallgarth,jhallgarth8p@rakuten.co.jp,Male,7.150.149.110
315,May,Tidball,mtidball8q@sogou.com,Female,147.96.235.4
316,Jemie,Silverston,jsilverston8r@livejournal.com,Female,29.210.226.8
317,Kristin,Acey,kacey8s@china.com.cn,Female,177.24.179.217
318,Dionis,Lerven,dlerven8t@sourceforge.net,Female,183.202.91.172
319,Evaleen,Larkby,elarkby8u@ameblo.jp,Female,132.36.12.144
320,Jamie,Firebrace,jfirebrace8v@cdc.gov,Male,252.191.169.82
321,Dodie,Peachman,dpeachman8w@simplemachines.org,Female,97.32.8.22
322,Jeffy,Chicotti,jchicotti8x@theatlantic.com,Male,240.90.244.155
323,Latia,Sandom,lsandom8y@sciencedaily.com,Female,114.96.41.65
324,Carlynne,Gozzett,cgozzett8z@lulu.com,Female,125.173.122.69
325,Eliza,Ors,eors90@sourceforge.net,Female,195.178.90.143
326,Anny,Peterson,apeterson91@mapy.cz,Female,255.169.198.89
327,Justin,Rawll,jrawll92@paypal.com,Male,200.45.84.186
328,Margaretta,Coultish,mcoultish93@nydailynews.com,Female,208.81.50.168
329,Jefferey,Rubinsztein,jrubinsztein94@usda.gov,Male,152.45.151.61
330,Saunders,Saddington,ssaddington95@photobucket.com,Male,115.234.122.236
331,Jaquenetta,Robinet,jrobinet96@geocities.com,Female,148.3.50.95
332,Constantia,Nuzzi,cnuzzi97@mashable.com,Female,104.185.179.233
333,Jervis,Haveline,jhaveline98@simplemachines.org,Male,225.221.81.139
334,Sonia,Casina,scasina99@nih.gov,Female,253.230.25.165
335,Karla,O'Lochan,kolochan9a@hibu.com,Female,93.184.24.39
336,Trix,Pragnell,tpragnell9b@berkeley.edu,Female,170.143.66.141
337,Aura,Grayling,agrayling9c@hao123.com,Female,234.104.119.123
338,Abrahan,Creighton,acreighton9d@myspace.com,Male,70.170.121.117
339,Rubin,January,rjanuary9e@stumbleupon.com,Male,98.199.227.39
340,Melinda,Cussen,mcussen9f@home.pl,Female,205.179.89.21
341,Wiley,Dewett,wdewett9g@merriam-webster.com,Male,99.52.44.48
342,Karim,Deeley,kdeeley9h@wikimedia.org,Male,85.168.128.10
343,Tibold,Castenda,tcastenda9i@rakuten.co.jp,Male,94.213.111.230
344,Melly,Allcorn,mallcorn9j@dailymotion.com,Female,200.252.194.108
345,Robin,Wringe,rwringe9k@typepad.com,Male,34.182.242.71
346,Massimo,Valerius,mvalerius9l@creativecommons.org,Male,117.24.85.40
347,Brant,Goulding,bgoulding9m@hugedomains.com,Male,113.160.138.245
348,Carson,Liptrod,cliptrod9n@php.net,Male,212.75.233.101
349,Hermine,Lofting,hlofting9o@senate.gov,Female,216.230.223.82
350,Dana,Newborn,dnewborn9p@census.gov,Female,108.124.240.201
351,Cordie,Murcott,cmurcott9q@dmoz.org,Female,77.37.122.50
352,Efrem,Dunseith,edunseith9r@parallels.com,Male,95.21.237.225
353,Tanhya,Chapelhow,tchapelhow9s@spotify.com,Female,202.201.60.104
354,Robina,Vasyaev,rvasyaev9t@comcast.net,Female,181.125.86.251
355,Mireielle,Dutchburn,mdutchburn9u@microsoft.com,Female,136.5.218.108
356,Jerrie,Pearle,jpearle9v@ucsd.edu,Male,93.90.185.216
357,Saxe,Greystoke,sgreystoke9w@latimes.com,Male,91.147.53.80
358,Bernadina,Burris,bburris9x@craigslist.org,Female,152.52.186.150
359,Ginger,Bostock,gbostock9y@ox.ac.uk,Female,36.84.135.62
360,Idaline,Guillard,iguillard9z@unc.edu,Female,138.180.153.204
361,Vida,Stelfax,vstelfaxa0@dmoz.org,Female,10.213.159.197
362,Edouard,Tracey,etraceya1@about.com,Male,180.10.132.204
363,Deloris,Meins,dmeinsa2@sbwire.com,Female,221.139.23.200
364,Garald,Penright,gpenrighta3@blog.com,Male,43.6.121.52
365,Merwin,Stathor,mstathora4@google.cn,Male,111.196.254.124
366,Michel,Reubbens,mreubbensa5@cmu.edu,Male,254.94.71.102
367,Ignazio,Feander,ifeandera6@cargocollective.com,Male,158.225.112.1
368,Austina,Hardy,ahardya7@canalblog.com,Female,192.4.202.243
369,Kally,Gobel,kgobela8@digg.com,Female,23.187.13.1
370,Star,Rangeley,srangeleya9@blog.com,Female,76.2.73.34
371,Siegfried,Dunridge,sdunridgeaa@spotify.com,Male,92.18.253.54
372,Corney,Outram,coutramab@upenn.edu,Male,32.247.64.183
373,Leora,Smeeton,lsmeetonac@geocities.com,Female,177.173.30.78
374,Kristofor,Overy,koveryad@freewebs.com,Male,161.147.12.39
375,Jeralee,Elcocks,jelcocksae@slashdot.org,Female,247.117.35.20
376,Carlos,Sheepy,csheepyaf@apache.org,Male,125.186.186.229
377,Sheena,McCool,smccoolag@odnoklassniki.ru,Female,137.95.61.157
378,Monte,Callf,mcallfah@marketwatch.com,Male,146.127.165.111
379,Elizabeth,Sedgemond,esedgemondai@independent.co.uk,Female,197.221.127.147
380,Alys,Synan,asynanaj@moonfruit.com,Female,152.147.128.151
381,Phip,Trime,ptrimeak@google.pl,Male,195.230.71.26
382,Guenna,Maleham,gmalehamal@sbwire.com,Female,15.20.20.223
383,Ulysses,Truluck,utruluckam@wikimedia.org,Male,211.86.155.232
384,Emmalee,Lovekin,elovekinan@furl.net,Female,230.228.213.168
385,Caro,Medley,cmedleyao@china.com.cn,Female,20.252.80.212
386,Mattias,Hawley,mhawleyap@reverbnation.com,Male,61.31.162.221
387,Josh,Chomley,jchomleyaq@elpais.com,Male,38.145.48.194
388,Rebecca,Cottee,rcotteear@cocolog-nifty.com,Female,44.103.60.124
389,Sofie,Struys,sstruysas@t.co,Female,240.254.49.113
390,Joya,Cullotey,jculloteyat@apache.org,Female,95.120.205.111
391,Patin,Goroni,pgoroniau@1und1.de,Male,203.59.70.209
392,Dagny,Ackwood,dackwoodav@deliciousdays.com,Male,15.195.4.131
393,Evelyn,Casbourne,ecasbourneaw@umn.edu,Male,130.103.116.1
394,Kathe,Mullins,kmullinsax@flickr.com,Female,175.249.158.218
395,Raine,Nodin,rnodinay@merriam-webster.com,Female,240.45.35.199
396,Basilius,Beste,bbesteaz@naver.com,Male,153.239.158.211
397,Timoteo,Unsworth,tunsworthb0@cmu.edu,Male,119.112.93.33
398,Martainn,Raddenbury,mraddenburyb1@howstuffworks.com,Male,191.251.209.23
399,Kalila,Jozsa,kjozsab2@sphinn.com,Female,45.78.169.71
400,Francisco,McCumskay,fmccumskayb3@reddit.com,Male,255.224.195.237
401,Sawyer,Abrahamsen,sabrahamsenb4@dailymail.co.uk,Male,241.185.156.39
402,Sophie,Caudrelier,scaudrelierb5@netscape.com,Female,247.95.134.94
403,Sigfrid,Castagnet,scastagnetb6@youku.com,Male,122.172.57.88
404,Whit,Huton,whutonb7@boston.com,Male,174.28.131.168
405,Giffie,Haresnaip,gharesnaipb8@ucla.edu,Male,62.206.28.168
406,Caryl,Balazot,cbalazotb9@netlog.com,Female,53.33.226.210
407,Michaelina,Cobbledick,mcobbledickba@geocities.com,Female,47.97.22.73
408,Anneliese,Lopez,alopezbb@macromedia.com,Female,214.102.245.125
409,Blane,Easum,beasumbc@google.com.hk,Male,72.62.127.224
410,Sean,Tomich,stomichbd@epa.gov,Male,101.205.102.197
411,Sanders,Dederick,sdederickbe@ow.ly,Male,220.32.122.207
412,Noll,Whettleton,nwhettletonbf@naver.com,Male,45.154.246.242
413,Aimil,Esland,aeslandbg@networksolutions.com,Female,71.114.171.23
414,Vilma,Grinham,vgrinhambh@wix.com,Female,20.197.37.211
415,Philippe,Edie,pediebi@apache.org,Female,123.206.192.16
416,Melisenda,Gutridge,mgutridgebj@youtu.be,Female,5.224.89.25
417,Therine,Bowlas,tbowlasbk@fotki.com,Female,122.106.93.36
418,Loretta,Vankov,lvankovbl@4shared.com,Female,34.123.91.193
419,Ringo,MacCumiskey,rmaccumiskeybm@youtu.be,Male,116.88.130.156
420,Stormie,Farryan,sfarryanbn@hexun.com,Female,43.4.246.90
421,Cathi,Annets,cannetsbo@sitemeter.com,Female,87.88.101.243
422,Melvyn,Wylder,mwylderbp@alibaba.com,Male,225.113.44.56
423,Chelsy,Haggeth,chaggethbq@opera.com,Female,189.84.150.233
424,Emmit,Dorie,edoriebr@fema.gov,Male,201.163.2.106
425,Evangelina,Jeandel,ejeandelbs@skype.com,Female,85.163.175.241
426,Norina,Aggiss,naggissbt@naver.com,Female,93.162.47.76
427,Stavros,Spafford,sspaffordbu@hubpages.com,Male,134.227.6.13
428,Katusha,Praill,kpraillbv@nsw.gov.au,Female,70.43.165.129
429,Saunders,Chaldecott,schaldecottbw@mozilla.com,Male,193.216.48.95
430,Allard,Rawlyns,arawlynsbx@businessinsider.com,Male,182.76.176.112
431,Faythe,Escala,fescalaby@ocn.ne.jp,Female,181.252.58.62
432,Ulrica,Mullinger,umullingerbz@vinaora.com,Female,156.120.2.29
433,Griselda,Gimenez,ggimenezc0@homestead.com,Female,75.22.71.5
434,Lawrence,Shaul,lshaulc1@dagondesign.com,Male,224.68.137.117
435,Darnell,Lowne,dlownec2@weebly.com,Male,75.50.155.181
436,Artemus,Major,amajorc3@disqus.com,Male,164.126.32.240
437,Marcie,Coleson,mcolesonc4@mozilla.org,Female,164.157.137.136
438,Dennison,Philpin,dphilpinc5@hatena.ne.jp,Male,95.87.41.130
439,Kahaleel,Calleja,kcallejac6@behance.net,Male,238.57.168.51
440,Laina,Melladew,lmelladewc7@bluehost.com,Female,226.241.121.106
441,Aimee,O'Keeffe,aokeeffec8@si.edu,Female,173.11.48.206
442,Anabel,Renzini,arenzinic9@phpbb.com,Female,141.94.2.250
443,Barty,Trimbey,btrimbeyca@qq.com,Male,209.58.36.254
444,Forrester,Mullis,fmulliscb@skyrock.com,Male,35.184.99.191
445,Dahlia,Duval,dduvalcc@time.com,Female,64.21.172.55
446,Gabriel,Winwood,gwinwoodcd@ow.ly,Female,60.85.180.206
447,Desdemona,Hickisson,dhickissonce@hatena.ne.jp,Female,229.75.86.235
448,Jacki,Winterflood,jwinterfloodcf@mail.ru,Female,136.90.0.9
449,Annabell,Townson,atownsoncg@xing.com,Female,219.113.1.192
450,Si,Aysh,sayshch@feedburner.com,Male,139.226.225.197
451,Bobina,Marguerite,bmargueriteci@over-blog.com,Female,81.11.136.117
452,Gun,Seabrook,gseabrookcj@printfriendly.com,Male,127.86.212.158
453,Lowell,Wortt,lworttck@disqus.com,Male,150.17.152.110
454,Mattie,Hannum,mhannumcl@issuu.com,Male,251.190.65.131
455,Ebba,Toone,etoonecm@google.com,Female,125.235.52.73
456,Bibi,Swains,bswainscn@berkeley.edu,Female,225.226.41.195
457,Rob,Ebbitt,rebbittco@jiathis.com,Male,19.253.123.19
458,Quincy,Smedley,qsmedleycp@ft.com,Male,154.62.154.229
459,Stanwood,Belchamber,sbelchambercq@360.cn,Male,99.140.134.9
460,Boyce,Bletsoe,bbletsoecr@cpanel.net,Male,192.85.164.193
461,Godfry,Barthot,gbarthotcs@dell.com,Male,3.119.107.237
462,Bernardo,Ravel,bravelct@flickr.com,Male,19.151.237.71
463,Cesare,Winters,cwinterscu@behance.net,Male,140.102.193.142
464,Millicent,Matten,mmattencv@etsy.com,Female,228.46.105.22
465,Garey,Scrivner,gscrivnercw@businessweek.com,Male,41.231.232.164
466,Mireille,McAvey,mmcaveycx@scientificamerican.com,Female,117.189.132.221
467,Andree,Spridgeon,aspridgeoncy@hatena.ne.jp,Female,103.114.41.75
468,Zola,McGaw,zmcgawcz@foxnews.com,Female,66.31.228.123
469,Ringo,Jossel,rjosseld0@biblegateway.com,Male,6.30.67.69
470,Cindie,Chalker,cchalkerd1@unc.edu,Female,235.176.44.102
471,Kaitlyn,Reisin,kreisind2@123-reg.co.uk,Female,43.150.4.171
472,Lyndsie,Scirman,lscirmand3@princeton.edu,Female,185.60.37.113
473,Laurent,Elward,lelwardd4@nydailynews.com,Male,219.162.209.239
474,Richmound,Stanners,rstannersd5@tuttocitta.it,Male,244.166.61.77
475,Inness,Fury,ifuryd6@unicef.org,Male,174.9.22.129
476,Tamarah,Kobera,tkoberad7@google.de,Female,69.4.40.104
477,Lyman,McKinstry,lmckinstryd8@engadget.com,Male,186.10.122.246
478,Rodina,Winchcum,rwinchcumd9@businesswire.com,Female,143.167.101.29
479,Fidelia,Domleo,fdomleoda@usgs.gov,Female,9.158.102.15
480,Lotta,Nerger,lnergerdb@state.gov,Female,191.208.211.222
481,Harli,Tremblot,htremblotdc@youtube.com,Female,164.82.79.76
482,Blanch,Wheelan,bwheelandd@bluehost.com,Female,198.224.87.157
483,Cross,Benterman,cbentermande@skype.com,Male,212.150.97.117
484,Mignon,Ortiga,mortigadf@clickbank.net,Female,235.222.129.110
485,Effie,MacGorrie,emacgorriedg@netlog.com,Female,71.44.254.163
486,Berke,Pandya,bpandyadh@dmoz.org,Male,14.232.13.240
487,Mathian,Bour,mbourdi@sina.com.cn,Male,78.213.78.171
488,Bevin,Warrier,bwarrierdj@ow.ly,Male,87.208.108.108
489,Lolly,Jirieck,ljirieckdk@liveinternet.ru,Female,150.72.82.103
490,Novelia,Sivorn,nsivorndl@friendfeed.com,Female,240.16.99.228
491,Shalom,Dudmesh,sdudmeshdm@va.gov,Male,89.173.76.104
492,Etti,Mably,emablydn@narod.ru,Female,115.11.76.236
493,Chic,Keyzor,ckeyzordo@csmonitor.com,Male,20.118.113.30
494,Charin,Aguirrezabala,caguirrezabaladp@vistaprint.com,Female,203.71.0.45
495,Gard,Maydwell,gmaydwelldq@businessinsider.com,Male,88.112.191.175
496,Siusan,Verty,svertydr@psu.edu,Female,56.30.27.138
497,Rochester,Trevaskiss,rtrevaskissds@google.it,Male,9.56.49.125
498,Gunar,de Bullion,gdebulliondt@newsvine.com,Male,208.244.123.188
499,Sauveur,Grishelyov,sgrishelyovdu@digg.com,Male,212.151.86.25
500,Garner,Suff,gsuffdv@nba.com,Male,122.162.142.121
501,Dalila,Gelardi,dgelardidw@drupal.org,Female,206.104.9.179
502,Tremain,Burchett,tburchettdx@123-reg.co.uk,Male,96.1.70.74
503,Gregorio,Berryann,gberryanndy@guardian.co.uk,Male,62.104.214.33
504,Adelaide,Gaukroger,agaukrogerdz@arstechnica.com,Female,249.74.156.68
505,Charyl,Lindenstrauss,clindenstrausse0@bigcartel.com,Female,107.125.173.235
506,Grace,Squire,gsquiree1@mozilla.com,Male,211.18.156.57
507,Deena,Ramble,dramblee2@ft.com,Female,232.225.223.241
508,Burk,Lavies,blaviese3@independent.co.uk,Male,201.10.72.177
509,Tarrance,Lovejoy,tlovejoye4@github.io,Male,51.170.242.23
510,Belinda,Colman,bcolmane5@arizona.edu,Female,208.163.248.178
511,Gigi,Greenshields,ggreenshieldse6@over-blog.com,Female,9.15.103.54
512,Lennie,Phillput,lphillpute7@google.com.br,Male,156.230.204.237
513,Waverly,Cahalin,wcahaline8@wufoo.com,Male,222.17.225.126
514,Valdemar,Spread,vspreade9@people.com.cn,Male,200.181.99.37
515,Jed,Bunney,jbunneyea@google.ru,Male,153.147.74.36
516,Vinny,Cain,vcaineb@w3.org,Female,246.32.71.64
517,Aubrette,Plows,aplowsec@google.com.br,Female,151.73.234.226
518,Hector,Stonall,hstonalled@unicef.org,Male,2.8.252.61
519,Rhys,Canape,rcanapeee@ow.ly,Male,67.108.113.9
520,Del,Bonellie,dbonellieef@jigsy.com,Male,115.72.14.148
521,Palm,Clappison,pclappisoneg@homestead.com,Male,140.38.241.52
522,Helli,Baggs,hbaggseh@google.com.hk,Female,63.166.130.188
523,Katheryn,Force,kforceei@quantcast.com,Female,233.141.230.202
524,Clarita,Aspling,casplingej@google.co.jp,Female,65.107.20.169
525,Courtney,Skally,cskallyek@wiley.com,Female,13.166.191.66
526,Rudolf,Bowld,rbowldel@cbsnews.com,Male,109.25.244.64
527,Portia,Jugging,pjuggingem@arstechnica.com,Female,24.144.61.142
528,Laurianne,Vaines,lvainesen@cocolog-nifty.com,Female,65.225.43.250
529,Zack,Murphey,zmurpheyeo@apache.org,Male,217.232.106.255
530,Jose,Whittek,jwhittekep@nih.gov,Male,142.56.162.41
531,Ilka,Tritton,itrittoneq@engadget.com,Female,80.53.51.204
532,Jamill,Cornbell,jcornbeller@latimes.com,Male,92.6.44.207
533,Craggy,Coldbreath,ccoldbreathes@accuweather.com,Male,144.9.208.97
534,Orson,Timmermann,otimmermannet@mapy.cz,Male,239.91.111.202
535,Madge,Brandino,mbrandinoeu@paginegialle.it,Female,39.31.25.88
536,Marcelline,Brislawn,mbrislawnev@xinhuanet.com,Female,37.254.2.27
537,Laurent,Rawlins,lrawlinsew@icio.us,Male,28.150.226.68
538,Melina,Impy,mimpyex@examiner.com,Female,79.6.203.193
539,Pinchas,Doey,pdoeyey@ovh.net,Male,158.11.34.87
540,Welsh,Enderwick,wenderwickez@lulu.com,Male,235.227.81.183
541,Marlena,Blader,mbladerf0@shinystat.com,Female,48.92.120.7
542,Cami,Cornillot,ccornillotf1@army.mil,Female,60.145.40.10
543,Robina,Lewing,rlewingf2@squarespace.com,Female,165.225.113.253
544,Marlyn,Parcall,mparcallf3@salon.com,Female,60.111.201.114
545,Schuyler,Glassopp,sglassoppf4@go.com,Male,177.125.28.161
546,Berget,Learmount,blearmountf5@multiply.com,Female,241.235.134.50
547,Maggee,Francello,mfrancellof6@wix.com,Female,182.65.172.207
548,Anatol,Faulder,afaulderf7@mayoclinic.com,Male,209.10.91.226
549,Joye,Mc Gee,jmcgeef8@senate.gov,Female,60.227.95.41
550,Feodora,Albers,falbersf9@dailymail.co.uk,Female,175.42.101.84
551,Micki,Bilton,mbiltonfa@stanford.edu,Female,162.244.116.59
552,Timmie,McGlaughn,tmcglaughnfb@nifty.com,Female,20.68.113.248
553,Drew,Moran,dmoranfc@github.com,Male,17.125.226.136
554,Aundrea,Infante,ainfantefd@shareasale.com,Female,19.0.185.239
555,Claresta,Mallia,cmalliafe@nba.com,Female,58.105.10.156
556,Freddi,Keston,fkestonff@sina.com.cn,Female,52.221.242.96
557,Georgianne,Epton,geptonfg@stumbleupon.com,Female,216.196.74.181
558,Derk,Satford,dsatfordfh@rambler.ru,Male,60.135.99.225
559,Ossie,Carillo,ocarillofi@mediafire.com,Male,102.104.103.70
560,Zonda,Wagg,zwaggfj@abc.net.au,Female,124.160.61.254
561,Addison,Bootton,aboottonfk@nature.com,Male,25.255.228.1
562,Lilas,Gettens,lgettensfl@ustream.tv,Female,36.209.95.184
563,Gina,Reeder,greederfm@redcross.org,Female,97.153.235.194
564,Kimble,Whannel,kwhannelfn@aboutads.info,Male,16.157.155.65
565,Antoine,Brant,abrantfo@answers.com,Male,206.59.94.158
566,Gregor,Betun,gbetunfp@nydailynews.com,Male,46.107.36.61
567,Taite,Wyrill,twyrillfq@ucoz.com,Male,242.218.168.28
568,Ronny,Peltz,rpeltzfr@microsoft.com,Male,7.44.185.34
569,Ingrim,Mathelin,imathelinfs@360.cn,Male,16.209.11.249
570,Correy,Faulconer,cfaulconerft@globo.com,Male,205.88.73.195
571,Win,Wroth,wwrothfu@telegraph.co.uk,Male,135.174.172.133
572,Tabbatha,Dennison,tdennisonfv@blogs.com,Female,152.75.97.215
573,Jeremias,Tattam,jtattamfw@msn.com,Male,35.198.96.212
574,Gianni,Dary,gdaryfx@rambler.ru,Male,101.204.75.252
575,Rick,Sweating,rsweatingfy@utexas.edu,Male,115.171.9.136
576,Tripp,Scrogges,tscroggesfz@creativecommons.org,Male,83.55.229.81
577,Erina,Lyttle,elyttleg0@google.ca,Female,99.238.55.78
578,Gates,Vanyatin,gvanyating1@nih.gov,Female,179.49.142.143
579,Marja,Shory,mshoryg2@nhs.uk,Female,197.50.79.40
580,Suzanna,Harmer,sharmerg3@webs.com,Female,234.175.241.133
581,Lisette,Clemetts,lclemettsg4@utexas.edu,Female,69.142.124.65
582,Rhiamon,Bottom,rbottomg5@t-online.de,Female,66.207.201.220
583,Billy,Beneze,bbenezeg6@myspace.com,Male,180.200.29.19
584,Birdie,Tregien,btregieng7@hexun.com,Female,119.187.56.226
585,Adi,Clementi,aclementig8@newsvine.com,Female,231.19.143.126
586,Riobard,Moreinis,rmoreinisg9@hc360.com,Male,216.139.198.134
587,Leah,Ockleshaw,lockleshawga@wikispaces.com,Female,146.73.230.249
588,Kerry,McCallum,kmccallumgb@blogtalkradio.com,Male,56.47.255.56
589,Jourdan,Hallex,jhallexgc@facebook.com,Female,197.125.63.214
590,Jannel,Ramiro,jramirogd@github.io,Female,176.122.212.145
591,Minor,Swettenham,mswettenhamge@amazon.co.jp,Male,167.130.190.66
592,Christin,Menendes,cmenendesgf@macromedia.com,Female,110.194.13.244
593,Rinaldo,Rodell,rrodellgg@goodreads.com,Male,251.32.151.42
594,Webster,Brennen,wbrennengh@miitbeian.gov.cn,Male,213.61.99.111
595,Raleigh,Crichmere,rcrichmeregi@taobao.com,Male,76.90.95.124
596,Adriana,Harrild,aharrildgj@oakley.com,Female,245.118.26.75
597,Taddeo,Thomas,tthomasgk@csmonitor.com,Male,45.71.64.114
598,Vilma,Jagger,vjaggergl@surveymonkey.com,Female,193.250.112.66
599,Lavina,Dybald,ldybaldgm@twitter.com,Female,39.107.158.151
600,Kennie,Pawelczyk,kpawelczykgn@harvard.edu,Male,113.233.203.85
601,Nowell,Sammut,nsammutgo@state.gov,Male,63.186.89.173
602,Farrel,Zanussii,fzanussiigp@dropbox.com,Male,146.88.245.174
603,Anson,Crickett,acrickettgq@umich.edu,Male,243.236.140.219
604,Laurence,Crosskell,lcrosskellgr@istockphoto.com,Male,79.65.237.197
605,Shaina,Karle,skarlegs@squarespace.com,Female,30.233.138.17
606,Packston,Weaving,pweavinggt@fda.gov,Male,162.26.16.39
607,Konstantin,O' Liddy,koliddygu@comsenz.com,Male,22.208.201.179
608,Pieter,Molan,pmolangv@google.com,Male,31.57.71.73
609,Alberta,Todd,atoddgw@sbwire.com,Female,51.192.173.157
610,Alisander,Gifkins,agifkinsgx@dagondesign.com,Male,120.118.8.62
611,Olav,Craighead,ocraigheadgy@cam.ac.uk,Male,8.49.235.12
612,Sanders,Yoselevitch,syoselevitchgz@dell.com,Male,210.202.248.13
613,Caleb,Niezen,cniezenh0@dot.gov,Male,6.219.141.143
614,Si,Riquet,sriqueth1@washingtonpost.com,Male,106.248.50.96
615,Sigismundo,Rettie,srettieh2@angelfire.com,Male,9.221.240.12
616,Donella,Gavahan,dgavahanh3@indiatimes.com,Female,117.194.155.122
617,Gaultiero,Featonby,gfeatonbyh4@ifeng.com,Male,116.230.111.209
618,Ciro,Everiss,ceverissh5@cbsnews.com,Male,217.49.41.149
619,Jamima,Skewes,jskewesh6@meetup.com,Female,210.40.96.54
620,Tana,Alkins,talkinsh7@mail.ru,Female,111.251.104.79
621,Pacorro,Gebhard,pgebhardh8@sciencedaily.com,Male,252.142.67.180
622,Berny,Igonet,bigoneth9@cdc.gov,Female,136.110.194.228
623,Cullin,Fawlkes,cfawlkesha@latimes.com,Male,178.226.19.145
624,Derek,Sonley,dsonleyhb@ft.com,Male,156.85.175.170
625,Case,Caban,ccabanhc@qq.com,Male,52.14.202.18
626,Willem,Vignal,wvignalhd@quantcast.com,Male,139.129.63.194
627,Ernie,Tompkins,etompkinshe@alibaba.com,Male,238.150.130.56
628,Salvador,Bembrick,sbembrickhf@newyorker.com,Male,213.249.235.225
629,Clementina,MacPherson,cmacphersonhg@aboutads.info,Female,163.157.56.116
630,Melly,Howick,mhowickhh@printfriendly.com,Female,141.107.233.224
631,Annalise,Tommasetti,atommasettihi@ed.gov,Female,126.35.229.2
632,Nanci,McGowran,nmcgowranhj@mapy.cz,Female,142.175.164.18
633,Alvin,Paolucci,apaoluccihk@timesonline.co.uk,Male,249.64.0.83
634,Bryon,Trollope,btrollopehl@yale.edu,Male,246.109.243.141
635,Dannel,O' Sullivan,dosullivanhm@google.it,Male,187.83.53.209
636,Dalia,McAster,dmcasterhn@statcounter.com,Female,194.87.200.63
637,Bevon,Fyrth,bfyrthho@bloglovin.com,Male,176.110.76.35
638,Lamont,Baskeyfied,lbaskeyfiedhp@trellian.com,Male,184.135.5.113
639,Thaddus,Rubinsohn,trubinsohnhq@boston.com,Male,244.52.9.105
640,Henriette,Vreiberg,hvreiberghr@goo.ne.jp,Female,224.234.235.6
641,Retha,Towsey,rtowseyhs@cyberchimps.com,Female,161.59.78.190
642,Lilith,Speaks,lspeaksht@usnews.com,Female,18.219.234.237
643,Josias,Arthurs,jarthurshu@bizjournals.com,Male,51.16.163.246
644,Konstanze,Josiah,kjosiahhv@forbes.com,Female,209.83.29.196
645,Thedric,Fillery,tfilleryhw@nhs.uk,Male,51.40.238.88
646,Dew,Sarsfield,dsarsfieldhx@nsw.gov.au,Male,148.250.52.124
647,Cecile,Moynihan,cmoynihanhy@barnesandnoble.com,Female,216.49.98.91
648,Ursala,Howle,uhowlehz@exblog.jp,Female,218.197.31.156
649,Marylin,Ashfield,mashfieldi0@pen.io,Female,139.222.229.27
650,Coletta,Reeman,creemani1@ameblo.jp,Female,11.137.71.91
651,Drusy,Gosden,dgosdeni2@ocn.ne.jp,Female,103.253.83.85
652,Ramsey,Lambard,rlambardi3@t-online.de,Male,122.64.38.207
653,Danya,Larking,dlarkingi4@weather.com,Female,61.9.90.221
654,Sibylla,Britian,sbritiani5@uol.com.br,Female,85.219.44.242
655,Koral,Betty,kbettyi6@msu.edu,Female,9.34.17.168
656,Karlee,Axten,kaxteni7@imdb.com,Female,190.226.8.147
657,Lilly,Manthroppe,lmanthroppei8@usatoday.com,Female,184.122.118.103
658,Minnaminnie,Kohnemann,mkohnemanni9@nba.com,Female,67.29.239.203
659,Abbie,Alti,aaltiia@mtv.com,Male,38.198.84.230
660,Eleanor,Deegan,edeeganib@ed.gov,Female,174.25.182.83
661,Maura,Cullington,mcullingtonic@npr.org,Female,21.161.221.194
662,Cacilie,Doctor,cdoctorid@cloudflare.com,Female,91.144.168.12
663,Yvon,Strapp,ystrappie@mac.com,Male,139.22.73.1
664,Sanson,Elvins,selvinsif@go.com,Male,16.216.54.238
665,Nani,Ripley,nripleyig@slashdot.org,Female,124.172.75.90
666,Coral,Reasun,creasunih@shutterfly.com,Female,156.16.214.0
667,Marena,Farress,mfarressii@dot.gov,Female,139.39.138.87
668,Noellyn,Swalough,nswaloughij@ft.com,Female,66.27.2.216
669,Indira,MacGilpatrick,imacgilpatrickik@xinhuanet.com,Female,8.77.120.77
670,Arda,Duesberry,aduesberryil@google.ca,Female,216.201.79.111
671,Rebe,Pulman,rpulmanim@ox.ac.uk,Female,181.46.115.6
672,Edvard,Stoyle,estoylein@ox.ac.uk,Male,239.234.99.55
673,Milt,Deal,mdealio@geocities.com,Male,121.166.173.242
674,Krishna,Seabrooke,kseabrookeip@cyberchimps.com,Male,134.143.194.46
675,Elspeth,MacCahee,emaccaheeiq@goo.ne.jp,Female,80.44.204.1
676,Nathanial,Sparrow,nsparrowir@irs.gov,Male,114.43.46.17
677,Josey,Killick,jkillickis@topsy.com,Female,132.50.88.164
678,Byrom,Piatkowski,bpiatkowskiit@edublogs.org,Male,2.123.122.56
679,Kalila,Broome,kbroomeiu@dyndns.org,Female,166.156.110.87
680,Kirsti,Prescot,kprescotiv@aol.com,Female,137.76.15.70
681,Flem,Loudon,floudoniw@prweb.com,Male,185.8.185.53
682,Harald,Marr,hmarrix@oracle.com,Male,212.101.245.83
683,Idalina,Newham,inewhamiy@patch.com,Female,78.186.48.121
684,Mill,Anthony,manthonyiz@about.com,Male,76.236.157.3
685,Ursala,Ashton,uashtonj0@about.com,Female,57.247.204.131
686,Amby,Dibsdale,adibsdalej1@php.net,Male,211.217.108.229
687,Ellswerth,Cristofori,ecristoforij2@qq.com,Male,144.44.149.23
688,Alisha,Sprowson,asprowsonj3@bbc.co.uk,Female,230.62.96.81
689,Neddy,Toomer,ntoomerj4@yandex.ru,Male,64.129.149.63
690,Page,Dran,pdranj5@biblegateway.com,Female,13.84.46.101
691,Auria,Castiblanco,acastiblancoj6@cam.ac.uk,Female,235.99.222.234
692,Silva,La Torre,slatorrej7@booking.com,Female,248.232.161.253
693,Tremayne,Bonellie,tbonelliej8@amazon.co.uk,Male,46.16.220.1
694,Roarke,Bodleigh,rbodleighj9@google.nl,Male,198.117.204.185
695,Zorana,Ream,zreamja@cornell.edu,Female,0.175.112.6
696,Karrie,Zielinski,kzielinskijb@ustream.tv,Female,49.23.198.100
697,Maddie,Ades,madesjc@aol.com,Male,161.191.45.220
698,Steve,Beagen,sbeagenjd@goo.gl,Male,141.169.224.185
699,Alexi,Wolters,awoltersje@issuu.com,Female,237.50.147.166
700,Minnnie,Kermott,mkermottjf@mediafire.com,Female,233.136.219.76
701,Salli,Rosingdall,srosingdalljg@independent.co.uk,Female,29.231.83.247
702,Lizzie,Brunini,lbruninijh@mayoclinic.com,Female,205.146.215.193
703,Natty,Brane,nbraneji@mapquest.com,Male,138.175.135.220
704,Lyn,Mathes,lmathesjj@irs.gov,Female,210.144.169.120
705,Jard,Hambatch,jhambatchjk@google.nl,Male,62.135.41.133
706,Clement,Glanville,cglanvillejl@fotki.com,Male,244.25.252.143
707,Keir,Mettricke,kmettrickejm@mozilla.org,Male,164.167.232.201
708,Rockwell,Febre,rfebrejn@spotify.com,Male,115.245.209.174
709,Griffin,Melson,gmelsonjo@sun.com,Male,73.232.61.222
710,Fidelio,Malinson,fmalinsonjp@state.tx.us,Male,34.165.8.114
711,Andee,Byway,abywayjq@toplist.cz,Female,133.170.8.162
712,Paxton,Conklin,pconklinjr@spotify.com,Male,160.72.152.200
713,Rivi,Huthart,rhuthartjs@tripadvisor.com,Female,161.214.210.244
714,Gwyneth,Handrock,ghandrockjt@shop-pro.jp,Female,148.98.101.114
715,Kattie,Hengoed,khengoedju@foxnews.com,Female,85.141.137.52
716,Therine,Robak,trobakjv@irs.gov,Female,15.146.205.89
717,Reina,Huby,rhubyjw@tamu.edu,Female,248.216.173.118
718,Chico,Yukhnov,cyukhnovjx@pinterest.com,Male,167.105.172.115
719,Keen,Derrett,kderrettjy@craigslist.org,Male,11.38.45.216
720,Emilie,Breede,ebreedejz@furl.net,Female,205.87.68.167
721,Riki,Chaney,rchaneyk0@imdb.com,Female,140.27.5.198
722,Keen,Tomaszynski,ktomaszynskik1@unblog.fr,Male,161.129.73.68
723,Mathian,Erskine,merskinek2@cargocollective.com,Male,187.2.249.49
724,Tedmund,Leaney,tleaneyk3@vkontakte.ru,Male,174.246.175.12
725,Justin,McGreay,jmcgreayk4@t.co,Male,244.222.151.219
726,Web,Greenroa,wgreenroak5@globo.com,Male,57.239.128.170
727,Anthony,Maffey,amaffeyk6@chicagotribune.com,Male,42.104.179.32
728,Tallie,Fishpool,tfishpoolk7@example.com,Female,77.191.36.205
729,Zelma,Barnson,zbarnsonk8@tinyurl.com,Female,186.152.23.151
730,Mona,Fayer,mfayerk9@bizjournals.com,Female,185.197.24.84
731,Town,Cota,tcotaka@bravesites.com,Male,161.73.127.16
732,Yorker,Bachura,ybachurakb@aol.com,Male,236.249.220.9
733,Rollie,Slott,rslottkc@msn.com,Male,163.118.124.68
734,Stevena,Swane,sswanekd@nationalgeographic.com,Female,181.77.107.24
735,Kat,Vizard,kvizardke@squidoo.com,Female,116.139.202.16
736,Armstrong,Cosgrove,acosgrovekf@harvard.edu,Male,23.180.213.102
737,Burke,Screen,bscreenkg@buzzfeed.com,Male,71.51.13.212
738,Curtice,Bockman,cbockmankh@wired.com,Male,30.113.222.110
739,Gill,Iamittii,giamittiiki@bloomberg.com,Male,51.223.92.187
740,Cayla,Yeiles,cyeileskj@dagondesign.com,Female,49.102.60.231
741,Eberto,Cowe,ecowekk@dailymail.co.uk,Male,125.45.86.42
742,Emmeline,Haylor,ehaylorkl@newyorker.com,Female,10.171.168.227
743,Halsey,Kingsman,hkingsmankm@pinterest.com,Male,243.8.110.250
744,Cal,Norris,cnorriskn@stumbleupon.com,Male,35.161.95.237
745,Gretal,Swainsbury,gswainsburyko@odnoklassniki.ru,Female,79.42.90.172
746,Koressa,Klimkin,kklimkinkp@skyrock.com,Female,58.214.4.139
747,Curcio,Brasener,cbrasenerkq@jiathis.com,Male,81.147.247.204
748,Alejandrina,Broschke,abroschkekr@cnet.com,Female,215.61.110.213
749,Darrick,Byfield,dbyfieldks@accuweather.com,Male,104.67.108.138
750,Rossie,Fissenden,rfissendenkt@nature.com,Male,178.84.184.246
751,Bowie,Edgerley,bedgerleyku@about.me,Male,134.247.177.192
752,Padgett,Warfield,pwarfieldkv@t.co,Male,39.175.229.170
753,Kassia,Crosi,kcrosikw@geocities.jp,Female,1.58.202.189
754,Diann,Premble,dpremblekx@google.com.hk,Female,95.45.116.56
755,Bart,Darragon,bdarragonky@pagesperso-orange.fr,Male,160.205.217.137
756,Shellysheldon,Oakley,soakleykz@irs.gov,Male,148.81.16.136
757,Viole,Crees,vcreesl0@discovery.com,Female,171.68.153.249
758,Tabbi,Hearfield,thearfieldl1@chron.com,Female,128.51.113.41
759,Artie,Jarad,ajaradl2@boston.com,Male,174.103.160.183
760,Carolin,Venditto,cvendittol3@yahoo.co.jp,Female,202.174.68.167
761,Zebulen,Rollins,zrollinsl4@hc360.com,Male,154.61.157.219
762,Nial,McGiffin,nmcgiffinl5@sphinn.com,Male,66.217.99.3
763,Jeremie,Leney,jleneyl6@berkeley.edu,Male,194.12.167.115
764,Crichton,Perrat,cperratl7@narod.ru,Male,204.104.9.124
765,Walton,Feighry,wfeighryl8@yolasite.com,Male,221.88.206.96
766,Cecily,Blakeway,cblakewayl9@biblegateway.com,Female,21.211.53.199
767,Reeba,Lawey,rlaweyla@blogger.com,Female,44.111.4.198
768,Elfreda,Sparshutt,esparshuttlb@nyu.edu,Female,196.174.43.147
769,Fifi,Casbourne,fcasbournelc@tinypic.com,Female,136.62.148.70
770,Ernestine,Jonah,ejonahld@constantcontact.com,Female,136.69.176.120
771,Jordan,Klemz,jklemzle@printfriendly.com,Female,67.118.112.243
772,Alex,Churms,achurmslf@topsy.com,Female,158.133.102.190
773,Suzy,Nabarro,snabarrolg@nyu.edu,Female,77.130.4.76
774,Marlon,Tollet,mtolletlh@uol.com.br,Male,19.222.204.5
775,Sileas,Bremley,sbremleyli@shinystat.com,Female,218.129.201.174
776,Prudence,Scotchforth,pscotchforthlj@acquirethisname.com,Female,218.145.147.142
777,Yuri,Ager,yagerlk@forbes.com,Male,253.73.122.44
778,Alane,Worssam,aworssamll@kickstarter.com,Female,233.6.119.61
779,Benetta,Corkell,bcorkelllm@over-blog.com,Female,212.81.149.99
780,Vance,Casterot,vcasterotln@squarespace.com,Male,34.227.132.134
781,Eduardo,Livett,elivettlo@shinystat.com,Male,196.12.251.10
782,Annemarie,Fitzroy,afitzroylp@merriam-webster.com,Female,10.0.132.19
783,Ari,Gettens,agettenslq@geocities.com,Male,52.142.254.161
784,Sibelle,Jacomb,sjacomblr@reference.com,Female,181.60.221.2
785,Desmund,Glassard,dglassardls@altervista.org,Male,151.192.169.109
786,Rosalyn,Ellin,rellinlt@eventbrite.com,Female,120.166.7.215
787,Tris,Fritter,tfritterlu@bluehost.com,Male,232.120.142.76
788,Dael,Needham,dneedhamlv@angelfire.com,Male,42.80.48.89
789,Benni,Gregr,bgregrlw@printfriendly.com,Female,199.34.130.186
790,Loleta,Clulow,lclulowlx@discovery.com,Female,184.232.72.111
791,Charil,Armour,carmourly@1und1.de,Female,90.241.110.12
792,Rafi,Cregin,rcreginlz@cdbaby.com,Male,153.88.164.129
793,Ricardo,Aleshintsev,raleshintsevm0@tumblr.com,Male,254.223.48.94
794,Nigel,Gery,ngerym1@oakley.com,Male,108.10.132.214
795,Lori,Dupre,lduprem2@ask.com,Female,193.190.249.12
796,Trix,Demangel,tdemangelm3@sciencedirect.com,Female,183.180.219.198
797,Katheryn,Pottberry,kpottberrym4@nasa.gov,Female,193.142.213.14
798,Brennen,Poluzzi,bpoluzzim5@spiegel.de,Male,17.84.41.139
799,Karlik,Spilsbury,kspilsburym6@patch.com,Male,121.153.61.69
800,Veradis,Hexum,vhexumm7@europa.eu,Female,194.194.51.144
801,Belvia,Burgon,bburgonm8@auda.org.au,Female,33.89.231.182
802,Shane,Berkowitz,sberkowitzm9@springer.com,Female,197.47.81.52
803,Kennett,Rolstone,krolstonema@prlog.org,Male,135.112.150.220
804,Reid,Penrith,rpenrithmb@networkadvertising.org,Male,77.250.156.18
805,Janith,Margrett,jmargrettmc@techcrunch.com,Female,116.227.206.98
806,Renault,Frantzeni,rfrantzenimd@4shared.com,Male,109.237.211.232
807,Raff,Pellett,rpellettme@tamu.edu,Male,145.41.34.225
808,Mareah,Epple,mepplemf@usda.gov,Female,213.235.89.125
809,Alonzo,Loveless,alovelessmg@topsy.com,Male,169.234.24.217
810,Cullin,Reynoldson,creynoldsonmh@youtube.com,Male,11.151.36.188
811,Nels,Dawkes,ndawkesmi@ca.gov,Male,99.139.73.131
812,Judon,Quadri,jquadrimj@columbia.edu,Male,205.241.246.120
813,Teresina,Grishkov,tgrishkovmk@umn.edu,Female,93.210.79.247
814,Culley,Matuszyk,cmatuszykml@photobucket.com,Male,191.79.35.138
815,Bernard,Chichgar,bchichgarmm@npr.org,Male,173.255.24.59
816,Brigida,Pickwell,bpickwellmn@flickr.com,Female,91.218.93.44
817,Clarisse,Pallas,cpallasmo@washingtonpost.com,Female,86.64.94.156
818,Sal,Grimstead,sgrimsteadmp@pen.io,Male,191.158.203.170
819,Emelen,Estrella,eestrellamq@google.com.br,Male,84.166.18.126
820,Cahra,Poone,cpoonemr@irs.gov,Female,155.46.97.59
821,Thalia,Vicioso,tviciosoms@jimdo.com,Female,242.204.52.198
822,Stanfield,Fominov,sfominovmt@hexun.com,Male,117.192.237.88
823,Nat,MacSkeagan,nmacskeaganmu@hibu.com,Male,229.44.23.42
824,Alanson,Frantz,afrantzmv@china.com.cn,Male,184.104.235.90
825,Brandy,Cowmeadow,bcowmeadowmw@wikispaces.com,Female,11.199.253.102
826,Lavinia,Sculpher,lsculphermx@free.fr,Female,53.116.92.225
827,Goober,Mellish,gmellishmy@bloomberg.com,Male,232.101.21.254
828,Blaire,Bletcher,bbletchermz@epa.gov,Female,9.193.81.164
829,Connie,Mughal,cmughaln0@ning.com,Female,156.148.244.84
830,Wrennie,Esley,wesleyn1@examiner.com,Female,77.230.79.73
831,Hobard,Wrankmore,hwrankmoren2@wp.com,Male,91.67.198.43
832,Kathleen,Forty,kfortyn3@biglobe.ne.jp,Female,34.217.11.99
833,Neddie,Harley,nharleyn4@pinterest.com,Male,104.121.215.11
834,Tuesday,Thrustle,tthrustlen5@sphinn.com,Female,208.102.237.236
835,Shannan,Clausner,sclausnern6@aol.com,Male,182.221.90.151
836,Gonzalo,Crannage,gcrannagen7@oakley.com,Male,93.137.29.64
837,Elianore,Tettley,etettleyn8@symantec.com,Female,105.244.149.20
838,Chester,Shewery,csheweryn9@about.com,Male,191.170.213.137
839,Josephina,LAbbet,jlabbetna@free.fr,Female,9.237.205.192
840,Sylvan,Lydiard,slydiardnb@topsy.com,Male,250.96.157.254
841,Aloisia,Reece,areecenc@google.pl,Female,248.154.91.94
842,Donavon,Smitheman,dsmithemannd@vkontakte.ru,Male,250.214.217.212
843,Patricio,McGibbon,pmcgibbonne@thetimes.co.uk,Male,177.184.196.77
844,Tiebold,Dorrell,tdorrellnf@blogs.com,Male,27.180.184.28
845,Agace,Inwood,ainwoodng@dailymail.co.uk,Female,82.192.119.64
846,Geoffrey,Arsmith,garsmithnh@census.gov,Male,143.235.159.89
847,Izzy,Goucher,igoucherni@mac.com,Male,225.34.35.84
848,Kennith,Isac,kisacnj@merriam-webster.com,Male,237.250.250.33
849,Clayborn,Pettiford,cpettifordnk@ucsd.edu,Male,74.168.250.154
850,Wittie,Oaks,woaksnl@naver.com,Male,244.48.75.216
851,Jenica,MacArdle,jmacardlenm@ucsd.edu,Female,194.158.162.122
852,Anson,Hansberry,ahansberrynn@webnode.com,Male,82.112.233.72
853,Wilmar,Janota,wjanotano@rambler.ru,Male,184.160.199.21
854,Arthur,Stace,astacenp@mac.com,Male,234.219.223.212
855,Dre,Perez,dpereznq@trellian.com,Female,2.198.118.23
856,Alvira,Porter,aporternr@dagondesign.com,Female,229.173.86.105
857,Ophelie,Rollings,orollingsns@tiny.cc,Female,191.33.223.36
858,Willie,Kintzel,wkintzelnt@umich.edu,Male,123.15.32.102
859,Mufinella,Thebe,mthebenu@reference.com,Female,255.62.1.144
860,Maurine,Ducarne,mducarnenv@pinterest.com,Female,89.107.154.190
861,Christabella,Heyns,cheynsnw@noaa.gov,Female,136.61.180.102
862,Paulo,Cleaton,pcleatonnx@ezinearticles.com,Male,34.87.111.202
863,Dermot,Benting,dbentingny@ezinearticles.com,Male,178.235.71.213
864,Kayne,Ponting,kpontingnz@printfriendly.com,Male,103.237.114.49
865,Roda,Hearty,rheartyo0@spotify.com,Female,221.223.185.158
866,Joela,Van Velde,jvanveldeo1@arizona.edu,Female,32.232.120.117
867,Humfrid,Devo,hdevoo2@stumbleupon.com,Male,99.243.67.32
868,Shadow,Hinze,shinzeo3@t.co,Male,36.189.96.244
869,Morgen,Cours,mcourso4@diigo.com,Male,129.151.131.178
870,Smith,Truscott,struscotto5@ebay.co.uk,Male,163.195.77.23
871,Billie,Sturman,bsturmano6@oakley.com,Female,234.200.89.107
872,Aigneis,Schmuhl,aschmuhlo7@cocolog-nifty.com,Female,102.110.138.167
873,Ernesta,Smeed,esmeedo8@time.com,Female,92.40.236.234
874,Lillian,Snowsill,lsnowsillo9@google.ca,Female,193.5.187.237
875,Christina,Mortell,cmortelloa@pagesperso-orange.fr,Female,91.74.152.109
876,Annecorinne,Jeffers,ajeffersob@lycos.com,Female,255.42.0.52
877,Karoly,Steinor,ksteinoroc@discovery.com,Female,88.33.138.184
878,Gaylord,Westphal,gwestphalod@parallels.com,Male,80.244.220.155
879,Hendrick,Vogel,hvogeloe@japanpost.jp,Male,110.138.153.46
880,Sharla,Athowe,sathoweof@freewebs.com,Female,62.47.124.72
881,Cody,Ledford,cledfordog@globo.com,Male,160.119.170.204
882,Orson,Skilbeck,oskilbeckoh@ezinearticles.com,Male,224.50.68.165
883,Judith,Atty,jattyoi@economist.com,Female,112.137.187.58
884,Minor,Eaglen,meaglenoj@pagesperso-orange.fr,Male,243.126.8.192
885,Llywellyn,Drei,ldreiok@state.gov,Male,223.102.215.57
886,Zulema,Kerne,zkerneol@washington.edu,Female,44.177.232.180
887,Jocko,O' Reagan,joreaganom@bing.com,Male,128.179.15.234
888,Rozanne,Imrie,rimrieon@stumbleupon.com,Female,43.233.5.12
889,Welbie,Ivatt,wivattoo@netvibes.com,Male,158.244.140.31
890,Reuben,Golda,rgoldaop@hugedomains.com,Male,204.126.96.93
891,Duff,Domenge,ddomengeoq@thetimes.co.uk,Male,202.150.57.150
892,Alphonso,Graben,agrabenor@elegantthemes.com,Male,239.45.163.113
893,Gregoire,Swan,gswanos@barnesandnoble.com,Male,221.58.238.38
894,Towney,Coverlyn,tcoverlynot@ow.ly,Male,45.55.163.227
895,Joane,Tertre,jtertreou@go.com,Female,116.81.33.221
896,Minnie,McPolin,mmcpolinov@flickr.com,Female,155.187.249.54
897,Lindon,Hexham,lhexhamow@forbes.com,Male,176.219.164.12
898,Erroll,Le Page,elepageox@diigo.com,Male,102.133.90.18
899,Ginnifer,L'Homme,glhommeoy@hao123.com,Female,146.60.46.121
900,Karly,O'Doherty,kodohertyoz@github.io,Female,190.204.5.236
901,Lincoln,Hambric,lhambricp0@globo.com,Male,135.8.234.60
902,Paul,Cleverly,pcleverlyp1@etsy.com,Male,60.96.220.110
903,Nev,Dunne,ndunnep2@huffingtonpost.com,Male,41.182.171.135
904,Baudoin,Sirrell,bsirrellp3@smh.com.au,Male,208.119.226.139
905,Tova,Polsin,tpolsinp4@nhs.uk,Female,77.213.58.112
906,Kerrin,Leathwood,kleathwoodp5@wp.com,Female,22.227.135.207
907,Binni,Falconar,bfalconarp6@dyndns.org,Female,91.119.60.243
908,Leigh,Sodo,lsodop7@ovh.net,Female,220.161.56.146
909,Prent,Ghent,pghentp8@miitbeian.gov.cn,Male,224.177.161.204
910,Jaquith,Ambrogio,jambrogiop9@wikispaces.com,Female,146.39.172.2
911,Yale,Frere,yfrerepa@sogou.com,Male,83.126.216.134
912,Gretal,Bazeley,gbazeleypb@wikimedia.org,Female,137.188.71.5
913,Griffin,Stanney,gstanneypc@forbes.com,Male,95.29.224.233
914,Allegra,Erskine Sandys,aerskinesandyspd@businesswire.com,Female,220.51.37.253
915,Benedicto,MacCracken,bmaccrackenpe@lulu.com,Male,224.13.119.79
916,Garrott,Shoebridge,gshoebridgepf@dailymotion.com,Male,241.48.167.140
917,Maximilian,Tramel,mtramelpg@free.fr,Male,36.141.62.37
918,Brion,McMakin,bmcmakinph@jalbum.net,Male,47.69.93.219
919,Gaile,Challener,gchallenerpi@house.gov,Male,40.203.198.118
920,Kattie,Murrish,kmurrishpj@e-recht24.de,Female,8.130.74.105
921,Chad,Braams,cbraamspk@wisc.edu,Male,180.221.126.160
922,Gunter,Bullard,gbullardpl@cyberchimps.com,Male,174.216.249.21
923,Waylon,Magenny,wmagennypm@nbcnews.com,Male,34.208.224.252
924,Darill,Werlock,dwerlockpn@yolasite.com,Male,51.225.114.120
925,Mikol,Ovitts,movittspo@oakley.com,Male,31.164.235.48
926,Junina,Gorling,jgorlingpp@time.com,Female,172.48.181.92
927,Franky,Jordan,fjordanpq@cornell.edu,Male,238.199.36.103
928,Vania,Prall,vprallpr@comsenz.com,Female,105.159.120.27
929,Lester,Lutwyche,llutwycheps@icio.us,Male,143.164.67.51
930,Alia,Patley,apatleypt@lulu.com,Female,90.136.68.141
931,Cicely,Bordes,cbordespu@mysql.com,Female,253.176.128.76
932,Lawrence,Lakenden,llakendenpv@networkadvertising.org,Male,197.148.177.207
933,Cedric,Boller,cbollerpw@slashdot.org,Male,7.37.243.226
934,Gleda,Pawfoot,gpawfootpx@dagondesign.com,Female,45.33.228.246
935,Vida,Weller,vwellerpy@usa.gov,Female,37.164.70.46
936,Tabb,Sparhawk,tsparhawkpz@blog.com,Male,155.80.26.117
937,Cathrin,McCullogh,cmcculloghq0@un.org,Female,46.250.7.44
938,Debbi,Mounch,dmounchq1@prnewswire.com,Female,102.216.59.247
939,Holly,Santer,hsanterq2@buzzfeed.com,Female,226.163.248.49
940,Gretta,Wasiela,gwasielaq3@tuttocitta.it,Female,191.222.235.103
941,Adolf,Birdsey,abirdseyq4@xinhuanet.com,Male,212.37.68.241
942,Marcello,Simonetti,msimonettiq5@flavors.me,Male,161.167.79.111
943,Vallie,Hembling,vhemblingq6@ebay.co.uk,Female,182.185.25.197
944,Giovanna,Klosterman,gklostermanq7@1688.com,Female,211.154.67.236
945,Chlo,Settle,csettleq8@google.co.jp,Female,19.153.57.34
946,Perle,Winterflood,pwinterfloodq9@marketwatch.com,Female,228.142.192.173
947,Dacy,Craigs,dcraigsqa@issuu.com,Female,104.85.247.24
948,Margi,Grassot,mgrassotqb@who.int,Female,129.198.37.40
949,Sauncho,Bransgrove,sbransgroveqc@flickr.com,Male,129.30.119.231
950,Natalya,D'Souza,ndsouzaqd@acquirethisname.com,Female,210.108.138.200
951,Mariska,Goadby,mgoadbyqe@opera.com,Female,54.124.49.66
952,Tedie,Chalder,tchalderqf@ow.ly,Male,46.116.171.53
953,Axe,Punt,apuntqg@whitehouse.gov,Male,226.47.204.182
954,Tamma,Spofforth,tspofforthqh@4shared.com,Female,127.138.243.109
955,Osmond,Stollery,ostolleryqi@virginia.edu,Male,26.100.72.206
956,Millie,Frewer,mfrewerqj@dot.gov,Female,120.73.20.129
957,Conny,Juschka,cjuschkaqk@deviantart.com,Male,170.60.14.111
958,Haily,Crevy,hcrevyql@unblog.fr,Male,46.220.165.100
959,Kore,Thorsen,kthorsenqm@webeden.co.uk,Female,144.66.222.153
960,Kynthia,Miller,kmillerqn@parallels.com,Female,155.79.42.226
961,Dorita,Rey,dreyqo@blog.com,Female,1.176.232.142
962,Tamas,Schultze,tschultzeqp@ebay.co.uk,Male,202.40.243.112
963,Allie,Whistlecraft,awhistlecraftqq@drupal.org,Female,168.36.37.47
964,Simeon,Zotto,szottoqr@hp.com,Male,87.84.68.128
965,Benedetta,Blodgett,bblodgettqs@unesco.org,Female,56.24.59.239
966,Hester,Tutchener,htutchenerqt@sfgate.com,Female,147.65.109.180
967,Mack,Eddleston,meddlestonqu@xing.com,Male,190.234.174.170
968,Coralie,Ikin,cikinqv@boston.com,Female,232.65.89.71
969,Oralee,Binne,obinneqw@livejournal.com,Female,164.173.137.200
970,Reid,Penkethman,rpenkethmanqx@shop-pro.jp,Male,18.9.12.62
971,Mira,Punshon,mpunshonqy@amazon.de,Female,224.116.155.46
972,Nita,McAndie,nmcandieqz@amazon.de,Female,52.24.22.129
973,Candida,Scase,cscaser0@prlog.org,Female,147.52.234.57
974,Arie,Screas,ascreasr1@walmart.com,Male,206.60.221.79
975,Lynnelle,Shoppee,lshoppeer2@1und1.de,Female,218.243.239.112
976,Jodee,Thiem,jthiemr3@sohu.com,Female,244.124.200.248
977,Jacintha,Breslau,jbreslaur4@netlog.com,Female,162.30.81.122
978,Julieta,Beardsworth,jbeardsworthr5@wikimedia.org,Female,227.210.157.7
979,Marlyn,De Bruin,mdebruinr6@pbs.org,Female,64.167.185.197
980,Jeniece,Whickman,jwhickmanr7@soundcloud.com,Female,140.147.191.30
981,Elaina,Filkov,efilkovr8@thetimes.co.uk,Female,249.133.21.66
982,Perrine,Meneux,pmeneuxr9@bing.com,Female,236.10.148.47
983,Gabi,Pearmine,gpearminera@tmall.com,Male,123.65.125.49
984,Phillis,Wasiela,pwasielarb@who.int,Female,204.59.233.94
985,Antoni,McGilvary,amcgilvaryrc@stumbleupon.com,Male,230.100.3.202
986,Joshia,Michell,jmichellrd@vimeo.com,Male,192.0.161.18
987,Marion,Ripper,mripperre@rakuten.co.jp,Male,196.85.233.72
988,Talbert,Realph,trealphrf@bravesites.com,Male,181.84.92.126
989,Gun,Dunbobbin,gdunbobbinrg@vimeo.com,Male,134.243.148.123
990,Den,Harty,dhartyrh@tuttocitta.it,Male,114.42.38.225
991,Chrotoem,Cowpland,ccowplandri@163.com,Male,200.47.57.87
992,Erminie,Pauluzzi,epauluzzirj@cam.ac.uk,Female,3.212.246.161
993,Aleen,Walstow,awalstowrk@economist.com,Female,9.64.167.157
994,Wendye,Hub,whubrl@prnewswire.com,Female,94.188.96.93
995,Coriss,Rickeard,crickeardrm@ifeng.com,Female,52.54.246.101
996,Anson,Worms,awormsrn@oaic.gov.au,Male,30.31.70.250
997,Algernon,Jefford,ajeffordro@rediff.com,Male,185.80.70.87
998,Vilma,Dow,vdowrp@wired.com,Female,189.255.25.195
999,Mavis,Caudrelier,mcaudrelierrq@guardian.co.uk,Female,199.67.7.124
1000,Milzie,Norville,mnorvillerr@psu.edu,Female,239.236.180.19
